"%s cannot be added to the quotation in the requested quantity.","%s ei voi lisätä tarjouspyyntöön pyydetyllä määrällä"
"%s cannot be quotated for the requested quantity.","%s Ei voi tehdä tarjouspyyntöä pyydetyllä kappale määrällä"
"%s days","%s päivää"
"%s is available for quotation in increments of %s only.","%s on mahdollista tehdä vain %s tarjouspyyntöä."
"(<a href='%s'>%s unanswered request</a> in total).","(<a href='%s'>%s vastaamaton pyyntö</a> yhteensä)."
"(<a href='%s'>%s unanswered requests</a> in total).","(<a href='%s'>%s vastaamatonta pyyntöä</a> yhteensä)."
"(excl. TAX)","Ei sis. Veroja"
"*If you already ordered a license, you should receive your serial shortly","*Jos olet tilannut jo lisenssin, sinun pitäisi saada se pian"
"-- Quote Status --","-- Tarjouspyynnön tila --"
"-- Remove Coupon --","-- Poista kuponki --"
"-- Select Coupon --","-- Valitse kuponki --"
"About This Quote:","Tästä tarjouspyynnöstä"
"Account Information","Tilin tiedot"
"Account","Tunnus"
"Action is blocked in quote confirmation mode","Toimenpide on estetty tarjouspyynnön vahvistus tilassa"
"Action","Toimenpide"
"ACTION_CUSTOMER","- Toimenpide Asiakkaalla"
"ACTION_OWNER","- Toimenpide Myyjällä"
"Add ","Lisää"
"Add Items to Cart","Lisää tuotteet ostoskoriin"
"Add more files...","Lisää enemmän tiedostoja..."
"Add new Qty","Lisää uusi määrä"
"Add Qty","Lisää määrä"
"Add Selected Product(s) to Advanced Quote","Lisää valitut tuotteet tarjouspyyntöön"
"Add to Cart","Lisää ostoskoriin"
"Add to Quote","Tarjouspyyntö"
"Add","Lisää"
"Address","Osoite"
"Adjustment Quote (%s)","Mukauta tarjouspyyntöä (%s)"
"Adjustment Quote (Incl. default Tax)","Mukauta tarjouspyyntöä (sisäältää oletus veron)"
"Adjustment Quote","Mukautettu tarjouspyyntö"
"All items were moved to cart successfully.","Kaikki tuotteet on siirretty ostoskoriin onnistuneesti"
"Allow Quote submission with a known email address, without login first.","Salli tarjouspyyntöjen lähetys tunnetulla sähköpostiosoitteella ilman kirjautumista sisään ensin."
"Apply","Aseta"
"Are you sure you want to send this message? (unsaved changes to the quote will be lost)","Oletko varma, että haluat lähettää tämän viestin? (Tallentamattomat tarjouspyynnön tiedot häviävät"
"Are you sure you would like to remove this item from the quote?","Oletko varma, että haluat poistaa tämän tuotteen tarjouspyynnöstä"
"Are you sure?","Oletko varma?"
"Assigned to","Osoitettu"
"Assigned To","Osoitettu"
"Attach file","Liitä tiedosto"
"Attach Files to Proposal Email","Liitä tiedostoja ehdotus sähköpostiin"
"Auto proposal","Automaattinen ehdotus"
"Available Shipping Methods","Käytettävät toimitustavat"
"Back to My Quotes","Takaisin tarjouspyyntöihini"
"Back","Takaisin"
"Billing Address is same as Shipping Address","Laskutusosoite on sama kuin toimitusosoite."
"Billing address wasn't added","Laskutusosoitetta ei ole lisätty"
"Billing Details","Laskutustiedot"
"Billing details","Laskutustiedot"
"By deleting an item, you will create a new quote request. Do you want to do this?","Poistamalla tuotteen luot uuden tarjouspyynnön. Haluatko tehdä tämän?"
"Can not add client note request to the product.","Asiakkaan merkintöjä ei voitu lisätä tuotteeseen."
"Can not add client request to the quote.","Asiakkaan pyyntöä ei voitu lisätä tarjouspyyntöön"
"Can not add customer address.","Asiakkaan osoitetta ei voitu lisätä"
"Can not add one of the items to quote request.","Yhtä tuotetta ei voitu lisätä tarjouspyyntöön"
"Can not add quote history.","Tarjouspyyntö historiaa ei voitu lisätä"
"Can not save client note request to the product.","Asiakkaan merkintöjä ei voitu tallentaa tuotteeseen."
"Can not save the custom quote product: ","Mukautettua tarjouspyyntöä ei voitu tallentaa:"
"Can't remove item","Tuotetta ei voitu poistaa"
"Can't update quote list","Tarjouspyyntöä ei voitu päivittää"
"Cancel Quote","Peruuta tarjouspyyntö"
"Cancel","Peruuta"
"Cannot configure product.","Tuotetta ei voi konfiguroida."
"Cannot update the item.","Tuotetta ei voi päivittää."
"Cart2Quote is not enabled for the selected store, please enable Cart2Quote first in: System > Configuration > Cart2Quote > General, and click OK after that.","Cart2Quote ei ole päällä valitulla kaupalla. Ole hyvä ja aktivoi se ensin: System > Configuration > Cart2Quote > General"
"Cart2Quote notice:","Cart2Quote ilmoitus:"
"Change status","Vaihda tila"
"Change to Quotation mode?","Vaihda tarjouspyyntö tilaan?"
"Checking..","Tarkistetaan.."
"City","Kaupunki"
"Comment with Product","Tuotteen kommentti"
"Company","Yritys"
"Confirm and CheckOut","Vahvista ja kassalle"
"Continue Shopping","Jatka ostoksia"
"Continue Trial","Jatka kokeilua"
"Continue","Jatka"
"Convert to 8bit PNG","Muunna 8 bittiseksi PNG"
"Convert to JPEG","Muunna JPEG"
"Copy to Quotation","Kopioi tarjouspyyntöön"
"Copy to Quotation?","Kopioi tarjouspyyntö?"
"Cost Price","kustannushinta"
"Could not create cart2quote export folder: ","Cart2Quoten vienti kansiota ei voitu luoda"
"Could not export quotes","Tarjouspyyntöjä ei voitu viedä"
"Could not find user with email address: %s","Käyttäjää sähköpostilla %s ei voitu löytää"
"Could not find user with id: %s","Käyttäjää id:llä %s ei löydetty"
"Could not load Coupon Code","Kupongin koodia ei voitu lataa"
"Could not load CRM template","CRM templatea ei voitu ladata"
"Could not recalculate Quote Price","Tarjouspyynnön hintaa ei voitu laskea uusiksi"
"Couldn't auto check out because one or more products are bundle products","Ei voitu automaattisesti mennä kassalle, koska yksi tai useampi tuote on pakettituote"
"Country","Maa"
"Coupon Code %s","Kupongin koodi %s"
"Coupon Type '%s' not supported","Kupongin tyyppiä '%s' ei tueta"
"Create New Quote","Lisää Uusi Tarjouspyyntö"
"Create Order","Luo tilaus"
"Create Quotation","Luo tarjouspyyntö"
"Created On","Luotu"
"CRM Email was sent","CRM sähköposti lähetettiin"
"CRM message couldn't be sent","CRM viestiä ei voitu lähettää"
"Currently all features of Cart2Quote are <strong>unlocked</strong> so you can experience the full power of this Magento extension.<br /><br /> In <strong>%s days</strong> this trial will end, but no worries you will still be able to use all the <strong>free features</strong> of Cart2Quote.","Tällä hetkellä kaikki Cart2Quote toiminnot ovat <strong>auki</strong>, jotta voit kokea täyden kokemuksen tästä Magento laajennuksesta. <br /><br />  <strong>%s päivän</strong> päästä tämä kokeilu päättyy. Mutta ei hätää voit silti käyttää kaikkia Cart2Quote <strong>ilmaisia toimintoja</strong>."
"Currently no shipping methods are available","Tällä hetkellä toimitustapoja ei ole saatavilla"
"Custom quote product is successfully created.","Mukautettu tarjouspyyntö tuote luotiin onnistuneesti."
"Customer email already exists. You should login <a href=%s>here</a>","Asiakas sähköposti on jo olemassa. Ole hyvä ja kirjaudu sisään <a href=%s>tästä</a>"
"Customer Group","Asiakkaan Ryhmä"
"Customer Name","Asiakkaan Nimi"
"Customer not recognized for new quote","Customer not recognized for new quote"
"Customer's email was undefined","Asiakkaan sähköposti oli määrittelemätön"
"Datafield %s is empty","Datakenttä %s on tyhjä"
"Date of Proposal","Tarjouspyynnön päivämäärä"
"Date","Päivämäärä"
"Delete Group","Poista ryhmä"
"Delete","Poista"
"Delivery Options","Toimitus vaihdoehdot"
"Discount (%s)","Alennus (%s)"
"Discount Codes","Alennus koodit"
"Discount","Alennus"
"Do not convert occurrences","älä muunna "
"Do not notify customer","Älä ilmoita asiakaalle"
"Do you have a general remark with your quote request?","Onko sinulla yleisiä huomautuksia tarjouspyynnöstä?"
"Duplicate value entered","duplikaatti arvo syötetty"
"Edit products","Muokkaa tuotteita"
"Edit Quote","Muokkaa tarjouspyyntöä"
"Edit Request","Muokkaa pyyntöä"
"Edit","Muokkaa"
"Email Address","Sähköpostiosoite"
"Email already exists","Sähköpostiosoite on jo olemassa"
"Email was sent to client","Sähköposti on lähetetty asiakkaalle"
"Email","Sähköpostiosoite"
"Empty Quote","Tyhjennä tarjouspyyntö"
"Enter custom price excluding tax","Syötä mukautettu hinta ilman veroa"
"Enter custom price including default tax","Syötä mukautettu hinta oletus verolla"
"Enter Fixed Price","Syötä kiinteä hinta"
"Enter new Quote Subtotal","Syötä uusi tarjouspyynnön välisumma"
"Enter Percentage","Syötä prosenttimäärä"
"Enter Quote Reduction","Syötä tarjouspyynnön alennus"
"Enter your billing address details.","Lisää laskutusosoite tiedot."
"Enter your comments at any time. Click Update Quote to save your changes.","Lisää kommenttisi milloin tahansa. Päivitä tarjouspyyntö tallentaaksesi muutokset."
"Enter your destination to receive a shipping quotation. Unless otherwise specified, standard shipping is quoted.","Syötä vastaanottajan osoite saadaksesi toimituksesta tarjouksen. Muussa tapauksessa käytämme standardi toimitushintaa."
"Enter your personal information to place a Quote Request.","Lisää henkilökohtaiset tiedot tehdäksesi tarjouspyynnön"
"Enterprise only","vain Enterprise"
"Estimate Shipping and Tax","Laske toimituskulut ja vero"
"Estimate","Laske"
"Excl. Tax","Ei sis. Veroja"
"Expiry Date","Erääntymispäivämäärä"
"Extension","Tiedostomuoto"
"File Upload","Tiedoston lähetys"
"File","Tiedosto"
"Filter quotes","Suodata tarjouspyynnöt"
"First Name","Etunimi"
"First save this Quotation","Ensiksi tallennna tarjouspyyntö"
"Fixed Price Per Order","Kiinteä hinta per tilaus"
"Fixed Quote Total was not a valid decimal number","Kiinteä tarjouspyyntö summa ei ollut validi desimaaliluku"
"Fixed Shipping & Handling price","Kiinteä toimitus- & käsittelyhinta"
"Follow Up Date","Seuranta päivämäärä"
"Follow up","Seuranta"
"Follow Up","Seuranta"
"For front-end visibility of this module please switch Use Cart2Quote templates to Yes or adjust your custom theme files.","Tämän moduulin käyttöliittymä näkymää varten kytke käytä Cart2Quote templates päälle tai mukauta muokattuja teema tiedostoja."
"General Comment","Yleinen huomautus"
"Get Shipping Estimates","Hae toimituksen hinta-arvio"
"Get shipping methods and rates","Hae toimitustavat ja hinnat"
"Grand Total to be Charged","Veloitettava loppusumma"
"Grand Total","Loppusumma"
"Hold","Pitoon"
"If the end user has no previous assigned sales representative the quote will be assigned to <strong>%s</strong>.","Jos loppukäyttäjällä ei ole ennestään osoitettua myyntiedustajaa tarjouspyyntö osoitetaan <strong>%s</strong>."
"In Process","Käsittelyssä"
"in process...","prosessissa..."
"Incl. default Tax","Sisältää oletus veron"
"Incl. Tax","Sis. Verot"
"incorrect first parameter for checkQtyIncrements should be product or product_id","Väärä ensimmäinen parametri checkQtyIncrements, pitäisi olla product tai product_id"
"incorrect first parameter for checkQuantities should be product or product_id","Väärä ensimmäinen parametri checkQuantities, pitäisi olla product tai product_id"
"incorrect parameter for isInStock should be product or product_id","Väärä parametri isInStock, pitäisi olla product tai product_id"
"Internal Comment","Sisäinen kommentti"
"Item #%s was't updated","Tuote #%s ei päivittynyt"
"Item %s is out of stock and cannot be ordered.","Tuotetta #%s ei ole varastossa, joten sitä ei voi tilata."
"item %s is out of stock.","Tuote %s on loppunut varastosta"
"Item %s wasn't moved to Shopping cart","Tuotetta %s ei voitu siirtää ostoskoriin"
"Item %s wasn't removed from Quote mode","Tuotetta %s ei poistettu tarjouspyyntö tilasta"
"Item Manager","Tuotteen hoitaja"
"Item was deleted successfully.","Tuote poistettu onnistuneesti."
"Item was moved to cart successfully.","Tuote siirretty ostoskärryyn onnistuneesti."
"Item was moved to quote successfully.","Tuote siirretty tarjouspyyntöön onnistuneesti."
"Item(s) were moved from Quote to Order mode successfully.","Tuote/Tuotteet siirrettiin onnistuneesti ostoskoriin tarjouspyynnöstä."
"Item(s) were moved to Quote mode successfully.","Tuote/Tuotteet siirrettiin onnistuneesti tarjouspyyntö tilaan."
"Items Manager","Tuotteiden hoitaja"
"Items Quoted","Pyydetyt tuotteet"
"Last Name","Sukunimi"
"Link to the New Quote","Linkki uuteen tarjouspyyntöön"
"Link to the Previous Quote","Linkki aikaisempaan tarjouspyyntöön"
"Linked Orders","Yhdistyvät tilaukset"
"Linked Quote Request","Yhdistyvät tarjouspyynnöt  "
"Load Template","Lataa malli"
"Loading","Ladataan"
"LOCKED","LUKOSSA"
"Log out from quote confirmation mode","Kirjaudu ulos tarjouspyynnön vahvistus tilasta"
"Logged in admin user with rotate fallback","Sisäänkirjautuminen ylläpitäjä rotaatio "
"Logged in admin user with rotation fallback","Sisäänkirjautuminen ylläpitäjä "
"Logged in admin user","Sisäänkirjautuminen ylläpitäjä"
"Margin (GP)","Bruttovoittomarginaali"
"Menu","Valikko"
"Message Action","Viestin toimenpide"
"Message Centre","Viestikeskus"
"Message History","Viesti historia"
"Message template","Viestin malli"
"Minimum of one Qty is required","Vähintään yksi kpl vaaditaan"
"Module Ophirah_Qquoteadv / Cart2Quote is disabled, please enable it in System>Configuration>Cart2Quote>General","Moduuli Ophirah_Qquoteadv / Cart2Quote on poissa käytöstä, Ole hyvä ja aktivoi se System>Configuration>Cart2Quote>General"
"Move to Shopping cart","Siirrä ostoskoriin"
"My Quote (%s item)","Tarjouspyyntöni (%s tuote)"
"My Quote (%s items)","Tarjouspyyntöni (%s tuotteet)"
"My Quote","Minun Tarjouspyyntö"
"My Quotes","Minun Tarjouspyynnöt"
"No Available Shipping Method","Ei käytettävää toimitustapaa"
"No Available Shipping Methods","Ei käytettäviä toimitustapoja"
"No Coupon Code Applied","Kuponki koodia ei ole käytetty"
"No Coupon Codes Available","Kuponki koodeja ei ole saatavilla"
"No Files are available.","Tiedostoja ei ole saatavilla"
"No Follow Up date","Seuranta päivämäärää ei ole"
"No item in quote.","Ei tuotteita tarjouspyyntö listassa."
"No Items to display.","Ei näytettäviä tuotteita."
"No Payment Information Required","Maksutietoja ei vaadita"
"No product found for the given attributes","Annetuilla ominaisuuksilla ei löytynyt tuotteita"
"No profit, increase Price(s)","Ei tuottoa, lisää hintaa/hintoja"
"No quotes selected to export","Yhtään tarjouspyyntöä ei ole valittuna vientiin"
"No thanks I will keep using this free version","Ei kiitos, jatkan ilmaisversion käyttämistä"
"No thanks I will use the free version","Ei kiitos, käytän ilmaista versiota"
"Not Now","Ei nyt"
"Not visible for customers","Ei näkyvissä asiakkaille"
"Notes with Product:","Tuotteen merkinnät:"
"Notify Customer by Email","Ilmoita asiakkaalle sähköpostilla"
"Old status could not be determined","Vanhaa tilaa ei voitu määrittää"
"Only for selected user groups","Vain valituille käyttäjäryhmille"
"or","tai"
"Original Price","Alkuperäinen hinta"
"Per Item","Yksittäisen tuotteen hinta"
"Please select required qty and check out online to see applicable price.","Valitse haluttu määrä ja maksa verkossa nähdäksesi soveltuvan hinnan."
"Please specify product quantity.","Määrittele tuotteen määrä."
"Please upgrade to Cart2Quote Starter or higher to use this feature","Päivitä Cart2Quote 'Starter' tai parempaan versioon käyttääksesi tätä toimintoa"
"Please Upgrade","Päivitä"
"Price Proposal","Hinta ehdotus"
"Price","Hinta"
"Price_proposal_%s","Hinta_ehdotus_%s"
"Print Quote ","Tulosta tarjouspyyntö"
"Print Quote","Tulosta tarjouspyyntö"
"Print","Tulosta"
"Proceed to Checkout","Jatka kassalle"
"Product %s couldn't be added to the Quote Request","Tuotetta %s ei voitu lisätä tarjouspyyntöön"
"Product %s successfully added to Quote Request","Tuote %s on lisätty onnistuneesti tarjouspyyntöön"
"Product cannot be added to quote list","Tuotetta ei voi lisätä tarjouspyyntö listalle"
"Product image","Tuotteen kuva"
"Product Information","Tuotteen informaatio"
"Product Name","Tuotteen nimi"
"Product name","Tuotteen nimi"
"Product","Tuote"
"Product: ""%s"" could not be added to the cart","Tuotetta ""%s"" ei voitu lisätä ostoskoriin"
"Profit is based on entered cost prices","Tuotot perustuvat annettuun kustannushintaan"
"Proposal valid until","Pyyntö voimassa"
"Proposal Valid Until: %s","Pyyntö voimassa: %s asti"
"Proposal was not sent, no profit","Ehdotusta ei lähetetty, ei tuottoa"
"Proposal","Ehdotus"
"Purchase a License*","Osta lisenssi*"
"Qquote cancel email was't sent to admin for quote #%s","Tarjouspyynnön #%s peruutus sähköpostia ei lähetetty ylläpitäjälle"
"Qquote proposal email was't sent to the client for quote #%s","Tarjouspyynnön #%s ehdotus sähköpostia ei lähetetty asiakkaalle"
"Qquote reject email was't sent to admin for quote #%s","Tarjouspyynnön hylkäys sähköpostia ei lähetetty ylläpitäjälle tarjouspyynnöstä"
"Qquote request email was't sent to admin for quote #%s","Tarjouspyynnön #%s pyyntö sähköpostia ei lähetetty ylläpitäjälle"
"Qty","Määrä"
"QTY","Määrä"
"Quotation #%s - Proposal","Tarjouspyyntö #%s"
"Quotation #%s was rejected","Tarjouspyyntö #%s hylättiin onnistuneesti."
"Quotation #%s","Tarjouspyyntö #%s"
"Quotation Date: %s","Tarjouspyynnön päivämäärä: %s"
"Quotation Management","Tarjouspyynön käsittely"
"Quotations","Tarjouspyynnöt"
"Quote # %s | Quote Date %s","Tarjouspyyntö # %s | Tarjouspyyntö päivämäärä %s"
"Quote # %s","Tarjouspyyntö # %s"
"Quote #","Tarjouspyyntö #"
"Quote could not be saved.","Tarjouspyyntöä ei voitu tallentaa."
"Quote Information","Tarjouspyyntö informaatio"
"Quote is currently on hold","Tarjouspyyntö on tällä hetkellä pidossa"
"Quote is succesfully unhold!","Tarjouspyyntö on poistettu pidosta onnistuneesti!"
"Quote item is not found.","Tarjouspyynnön tuotetta ei löydy."
"Quote list was updated successfully.","Tarjouspyyntö lista päivittyi onnistuneesti."
"Quote profit","Tarjouspyynnön tuotto"
"Quote profit (%s)","Tarjouspyynnön tuotto (%s)"
"Quote Proposal","Tarjouspyyntö ehdotus"
"Quote Reduction was not a valid decimal number","Tarjouspyynnön alennus ei ole validi decimaaliluku"
"Quote reference","Tarjouspyynnön viite"
"Quote Request in Process, wait for price proposal Shop owner","Tarjouspyyntö käsittelyssä, odota hintaehdotusta kauppiaalta"
"Quote request is converted from %d%% VAT to %d%% VAT.","Tarjouspyyntö on muunnettu %d%% ALV:sta %d%% ALV:on"
"Quote request","Tarjouspyyntö"
"Quote Request","Tarjouspyyntö"
"Quote Status","Tarjouspyynnön tila"
"Quote status","Tarjouspyynnön tila"
"Quote subtotal (%s)","Tarjouspyynnön välisumma (%s)"
"Quote Totals","Tarjouspyyntö loppusumma"
"Quote view","Tarjouspyyntö näkymä"
"Quote was saved with errors","Tarjouspyyntö tallennettu virheillä"
"Quote was successfully canceled","Tarjouspyyntö on peruttu onnistuneesti"
"Quote was successfully saved","Tarjouspyyntö on tallennettu onnistuneesti"
"Quote will be assigned to <strong>%s</strong>","Tarjouspyyntö osoitetaan <strong>%s</strong>"
"Quote","Tarjouspyyntö"
"read more about licensing","Lue lisää lisensoinnista"
"Recalculate","Laske uudelleen"
"Recently added item(s)","Äskettäin lisättyjä tuotteita"
"Reject Proposal","Hylkää tarjouspyyntö"
"Remark with Proposal","Tarjouspyynnön huomautuksia"
"Remarks","Huomautuksia"
"Reminder Date","Muistutus päivämäärä"
"Remove Current Rate ?","Poista nykyinen "
"Remove item","Poista tuote"
"Remove","Poista"
"Request a shipping quote","Toimituspyyntö"
"Request for Quote","Tarjouspyyntö"
"Request information","Tuotteen huomautuksia"
"Request quote","Lähetä tarjouspyyntö"
"Requested information","Tuotteen kommentti"
"Require Quote submission with a known email address to login first.","Vaadi tarjouspyynnön lähettämiseen tunnetulla sähköpostiosoitteella kirjautumista sisään ensin."
"Reset Follow Up","Seurannan resetointi"
"Reset Follow up","Seurannan resetointi"
"Resubmit Quote","Uudelleen lähetä tarjouspyyntö"
"RFQ From","RFQ From"
"Rotate admin role","Kierrätä ylläpitäjän roolia"
"Rotation","Kierrätys"
"Save Quote","Tallenna tarjousehdotus"
"See Plans and Pricing","Katso suunnitelmia ja hintoja"
"Select an address","Valitse osoite"
"Select in Checkout","Valitse kassalla"
"Select one Qty per product. (When editing this product you will be able to re-enter the extra tiers in this screen.)","Valitse yksi määrä per tuote. (Muokkaamalla tätä tuotetta pääset käsiksi ekstra tasoihin tässä ikkunassa.)"
"Select Qty","Valitse määrä"
"Send Message","Lähetä viesti"
"Sending CRM Email is disabled","CRM sähköpostin lähetys on pois käytöstä"
"Sending proposal Email is disabled","Ehdotus sähköpostin lähetys on poissa käytöstä"
"Set Follow Up date","Aseta seuraava päivämäärä"
"Ship To","Vastaanottaja"
"Shipping & Handling (Excl. Tax)","Toimitus ja käsittely (ei sis. Veroja)"
"Shipping & Handling (Incl. Tax)","Toimitus ja käsittely (sis. Verot)"
"Shipping & Handling price per Item","Toimitus- ja käsittelykustannukset per tuote"
"Shipping & Handling price varies.","Toimitus- ja käsittelykustannukset vaihtelee."
"Shipping Address is same as Billing Address","Toimitusosoite on sama kuin laskutusosoite"
"Shipping Address","Toimitusosoite"
"Shipping details","Toimitustiedot"
"Shipping Estimate","Toimituksen hinta-arvio"
"Shipping Information","Toimitustiedot"
"Shipping Method","Toimitustapa"
"Show / Hide Editor","Näytä / Piilota editori"
"SKU","SKU"
"Sku","SKU"
"Something went wrong while duplicating this quote","Jotakin meni pieleen tämän tarjouspyynnön monistamisessa"
"State/Province","Osavaltio/Maakunta"
"Status changed to","Tila vaihdettu"
"Status update (system message)","Tila päivitys (systeemin viesti)"
"Status","Tila"
"STATUS_AUTO_PROPOSAL","Tarjouspyyntö lähetetty"
"STATUS_BEGIN","Alkaminen"
"STATUS_CANCELED","Tarjouspyyntö peruttu"
"STATUS_CONFIRMED","Tarjouspyyntö hyväksytty"
"STATUS_CONFIRMED_ALTERNATE","Tarjouspyyntö hyväksytty, ei tilattu"
"STATUS_DENIED","Tarjouspyyntö hylätty"
"STATUS_ORDERED","Tilattu"
"STATUS_PROPOSAL","Tarjouspyynnön on lähettänyt Myyntiedustaja"
"STATUS_PROPOSAL_BEGIN","Tarjouspyyntö luotu, ei lähetetty"
"STATUS_PROPOSAL_EXPIRED","Tarjouspyyntö vanhentunut"
"STATUS_PROPOSAL_SAVED","Tarjouspyyntö pidossa"
"STATUS_REQUEST","Käsittelyssä"
"STATUS_REQUEST_EXPIRED","Pyyntö vanhentunut"
"Submit Comment","Lähetä kommentti"
"Submit Quote","Lähetä tarjouspyyntö"
"SUBSTATUS_CANCELLED_SUB100","- Ei ole varastossa"
"SUBSTATUS_PROPOSAL_SUB100","- Tarjouspyynnön luonut Myyntiedustaja"
"SUBSTATUS_PROPOSAL_SUB200","- Asiakkaan yhteydenotto myyntiedustajalta"
"SUBSTATUS_PROPOSAL_SUB300","- Maksu Vireillä"
"SUBSTATUS_REJECTED_SUB100","- Lähetä uusi tarjouspyyntö asiakkaalle"
"SUBSTATUS_SAVED_SUB100","- Tarjouspyyntö on pidossa"
"SUBSTATUS_SAVED_SUB200","- Odotetaan toimittajaa"
"Subtotal Original (%s)","Alkuperäinen välisumma (%s)"
"Subtotal","Välisumma"
"Surcharge","Lisämaksu"
"Take me Back","Vie minut takaisin"
"Tax","Verot"
"Telephone","Puhelinnumero"
"Thank you for your interest!","Kiitos mielenkiinnostasi!"
"Thanks for trying Cart2Quote!","Kiitos kun kokeilit Cart2Quotea!"
"Thanks for trying Cart2Quote","Kiitos kun kokeilit Cart2Quotea"
"The %s you entered is invalid. Please make sure that it follows 'http://domain.com/' format.","%s ei ole validi. Tarkista, että se seuraa 'http://domain.com/' muotoa"
"The cart2quote export folder is not writable: ","Cart2Quoten vienti kansioon ei voi kirjoittaa"
"The Cart2Quote template files are disabled.","Cart2Quote template tiedostot ovat pois käytöstä."
"The CSV export function is only available in Cart2Quote Enterprise. To update please go to <a href='https://www.cart2quote.com/pricing-magento-quotation-module.html?utm_source=Customer%2Bwebsite&utm_medium=license%2Bpopup&utm_campaign=Upgrade%2Bversion'>https://www.cart2quote.com</a>","'CSV' toiminto on käytössä vain Cart2Quote Enterprise versiossa. Päivittääksesi versiosi mene <a href='https://www.cart2quote.com/pricing-magento-quotation-module.html?utm_source=Customer%2Bwebsite&utm_medium=license%2Bpopup&utm_campaign=Upgrade%2Bversion'>https://www.cart2quote.com</a>"
"The following item will not be added to the quotation list if you continue:","Seuraavia tuotetta/tuotteita ei lisätä tarjouspyyntö listaan jos jatkat:"
"The maximum quantity allowed for quotation for %s is %s.","Sallittu enimmäismäärä tarjouspyyntöön tuotteelle %s on %s"
"The minimum quantity allowed for quotation for %s is %s.","Sallittu vähittäismäärä tarjouspyyntöön tuotteelle %s on %s"
"The product ""%s"" could not be added. (No user rights)","Tuotetta ""%s"" ei voitu lisätä. (Ei käyttöoikeuksia)"
"There are <a href=""%s"">%s items</a> in your quote.","Sinulla on <a href=""%s"">%s tuotetta</a> tarjouspyynnössä"
"There are <a href='%s'>%s new</a> requests since your last login.","<a href='%s'>%s uutta</a> pyyntöä viime kirjautumisen jälkeen."
"There are no printable documents related to selected quotes","Ei ole tulostettavia asiakirjoja, jotka liittyvät valittuun tarjouspyyntöön"
"There is <a href=""%s"">1 item</a> in your quote.","Sinulla on <a href=""%s"">1 tuote</a> tarjouspyynnössä"
"There is <a href='%s'>%s new</a> request since your last login.","<a href='%s'>%s uusi</a> pyyntö viime kirjautumisen jälkeen."
"There was an error, because the customer address was undefined","Tapahtui virhe, koska asiakkaan osoite oli määrittelemätön"
"There was an error, because the customer shipping address was undefined","Tapahtui virhe, koska asiakkaan toimitusosoite oli määrittelemätön"
"There was an error, because the product quantities were not defined","Tapahtui virhe, koska tuotteen määrä oli määrittelemätön"
"This function is only available from the Starter and above editions. <a href='https://www.cart2quote.com/magento-quotation-module-pricing.html'>Upgrade</a>","Tämä toiminto on käytössä vain Starter ja ylemmissä versioissa. <a href='https://www.cart2quote.com/magento-quotation-module-pricing.html'>Päivitä</a>"
"This function is only available in the enterprise (non-trial) edition. <a href='https://www.cart2quote.com/magento-quotation-module-pricing.html'>Upgrade</a>","Tämä toiminto on käytössä vain Enterprise (ei kokeilu) versiossa. <a href='https://www.cart2quote.com/magento-quotation-module-pricing.html'>Päivitä</a>"
"This function is only available in the enterprise edition. <a href='https://www.cart2quote.com/magento-quotation-module-pricing.html'>Upgrade</a>","Tämä toiminto on käytössä vain enterprise versiossa. <a href='https://www.cart2quote.com/magento-quotation-module-pricing.html'>Päivitä</a>"
"This item will be removed from the list if you continue:","Seuraavat tuotteet/tuote poistetaan listalta jos jatkat:"
"This order list contains items that cannot quoted.","Tämä ostoskärry pitää sisällään tuotteita joita ei voi  tarjouspyytää."
"This Quote has been created with another version of Cart2Quote. To experience <strong>the full power of Cart2Quote</strong>, create a new quote with this free version!<br /><br /> You are now using a Free Trial version of Cart2Quote, but you can simply <strong>unlock the back-end features and all quotes again</strong> by ordering a license.","Tämä tarjouspyyntö on luotu eri Cart2Quote versiolla. Kokeaksesi <strong>täyden kokemuksen Cart2Quotesta</strong>, luo uusi tarjouspyyntö tällä ilmaisversiolla!<br /><br /> Käytät nyt ilmaista kokeiluversiota Cart2Quotesta, mutta voit yksinkertaisesti <strong>avata back-end toiminnot ja kaikki tarjouspyynnöt jälleen</strong> tilaamalla lisenssin"
"This quote list contains items that cannot ordered.","Tämä tarjouspyyntö lista pitää sisällään tuotteita joita ei voi tilata."
"This quote no longer exists.","Tätä tarjouspyyntöä ei ole enää olemassa"
"Tier/Qty","Taso/Määrä"
"Title","Otsikko"
"To add item to the Quote mode <a href='%s'>log out</a> from Quote confirmation mode.","Lisätäksesi tuotteen tarjouspyyntöön <a href='%s'>kirjaudu ulos</a> tarjouspyynnön vahvistus tilasta."
"To change your currency <a href='%s'>log out</a> from Quote confirmation mode.","Vaihtaaksesi valuuttaa <a href='%s'>kirjaudu ulos</a> tarjouspyynnön vahvistus tilasta."
"To create an order, select product(s) and quantity","Luodaksesi tilauksen, valitse tuote/tuotteet ja määrä"
"To sent a proposal enable this product.","Ehdotuksen lähettämiseen aktivoi tämä tuote."
"To update item in the Shopping cart <a href='%s'>log out</a> from Quote confirmation mode.","Päivittääksesi tuotteen ostoskärryssä <a href='%s'>kirjaudu ulos</a> tarjouspyynnön vahvistus tilasta."
"Today and Future","Tänään ja tulevaisuudessa"
"Today only","Vain Tänään"
"Total price","Kokonaishinta"
"Unable to find item to save","Tallennettavaa tuotetta ei voitu löytää"
"Unable to remove the file.","Tiedostoa ei voitu poistaa."
"Unable to to save customer. Email: %s","Asiakkaan sähköpostia ei voitu tallentaa."
"Unhold","Pois pidosta"
"Unit price","Yksikköhinta"
"Update Quotation","Päivitä tarjouspyyntö"
"Update Quote","Päivitä tarjouspyyntö"
"Update Total","Päivitä loppusumma"
"Update","Päivitä"
"Upload error 1: Max upload size exceeded.","Lähetys virhe 1: Maksimi lähetysmäärä ylitetty."
"Upload error 2: Max upload size exceeded.","Lähetys virhe 2: Maksimi lähetysmäärä ylitetty."
"Upload error 3: File was partially uploaded, please retry.","Lähetys virhe 3: Tiedosto oli osittain lähetetty"
"Upload error 4: No file was uploaded","Lähetys virhe 4: Tiedostoa ei ladattu"
"Upload error 6: Unable to upload file: missing temporary folder.","Lähetys virhe 6: Tiedostoa ei voitu lähettää: väliaikainen kansio puuttuu"
"Upload error 7: Unable to upload file: failed to write file to disk.","Lähetys virhe 7: Tiedostoa ei voitu lähettää: Tiedostoa ei voitu kirjoittaa levylle"
"Upload error 8: Unable to upload file: Unknown error. More information is availible in Magento exception log.","Lähetys virhe 8: Tiedostoa ei voitu lähettää: Tuntematon virhe. Lisää tietoa löytyy Magenton exception logista."
"Upload error: Unknown error","Lähetys virhe: Tuntematon virhe"
"Url","Url"
"Use alternative url","Käytä vaihtoehtoista url"
"Use Default Billing and Shipping Address","Käytä oletus Laskutus- ja toimitusosoitetta"
"Use Magento ""After Adding a Product Redirect to Shopping Cart"" setting","Käytä Magenton ""After Adding a Product Redirect to Shopping Cart"" asetusta"
"Use Store Settings","Käytä kaupan asetuksia"
"User Telephone","Käyttäjän puhelinnumero"
"View all items on your quote","Katso kaikkia tuotteita tarjouspyynnössäsi"
"View Details","Katso yksityiskohtia"
"View Quote","Katso Tarjouspyyntöä"
"View","Katso"
"Visit customer dashboard for more options","Vieraile asiakkaan dashboardissa saadaksesi lisää vaihtoehtoja"
"We offer the following delivery options. Multiple options can be selected.","Tarjoamme seuraavia toimitustapoja. Useita toimitustapoja voi valita."
"Wrong transactional account email type.","Väärä kaupallinen sähköposti tyyppi"
"Yes and Required","Kyllä ja vaadi"
"Yes and required","Kyllä ja vaadittu"
"Yes take me there","Kyllä vie minut sinne"
"You are in a quote confirmation mode, <a href='%s'>log out</a>.","Olet tarjouspyynnön vahvistus tilassa, <a href='%s'>kirjaudu ulos</a>."
"You are in a quote edit mode, <a href='%s'>log out</a>.","Olet tarjouspyynnön muokkaus tilassa, <a href='%s'>kirjaudu ulos</a>."
"You can leave a box blank if you don't wish to add a gift message for whole order","Voit jättää laatikon tyhjäksi, jos et halua lisätä lahjaviestiä koko tilaukselle"
"You don't have permission to view or edit this Quote","Sinulla ei ole oikeuksia katsoa tai muokata tätä tarjouspyyntöä"
"You have <a href='%s'> %s unanswered</a> quotation requests that require your action.","Sinulla on <a href='%s'>%s vastaamatonta</a> tarjouspyytöä."
"You have <a href='%s'> %s unanswered</a> quote request that require your action.","Sinulla on <a href='%s'> %s vastaamaton</a> tarjouspyyntö."
"You have been using the full version of Cart2Quote, we hope you had an awesome experience <strong>saving both time and money</strong> managing your quotations with Cart2Quote.<br /><br /> You are now using the free version of Cart2Quote, but you can simply <strong>unlock the back-end features</strong> again by ordering a license.","Olet käyttänyt Cart2Quoten täyttä versiota. Toivomme, että sinulla oli erinomainen kokemus <strong>säästäen aikaa sekä rahaa</strong> käyttämällä Cart2Quotea tarjouspyynnöissä.<br /><br /> Käytät nyt ilmaista versiota Cart2Quotesta,mutta voit yksinkertaisesti <strong>avata back-end toiminnot</strong> jälleen tilaamalla lisenssin."
"You have no items in your quote.","Sinulla ei ole tuotteita tarjouspyynnössä"
"You have placed no quotes.","Et ole tehnyt tarjouspyyntöjä vielä."
"You log out successfully from Quote confirmation mode.","Olet kirjautunut ulos onnistuneesti tarjouspyynnön vahvistus tilasta."
"You may request a quote without any obligations","Voit pyytää tarjouspyynnön ilman velvotteita"
"You will receive a quote cancellation confirmation email.","Saat tarjouspyynnön peruutuksen sähköpostin"
"You will receive a quote confirmation email with a link to track progress.","Saat tarjouspyynnön vahvistuksen sähköpostiin ja linkin seurata etenemistä."
"You're welcome to place a new Request for Quote","Olet tervetullut asettamaan uuden tarjouspyynnön"
"Your quote request # is: %s.","Tarjouspyyntösi # on: %s."
"Your quote request has been cancelled","Tarjouspyyntösi on peruttu"
"Your quote request has been received","Tarjouspyyntösi on vastaanotettu"
"Your Trial has expired for this Quote","Tämän tarjouspyynnön kokeilu on päättynyt"
"Your Trial has expired","Kokeilusi on päättynyt"
"Zip/Postal Code","Postinumero"